{
  "id": "3452459",
  "name": "test_web",
  "font_family": "iconfont",
  "css_prefix_text": "icon-",
  "description": "",
  "glyphs": [
    {
      "icon_id": "1029",
      "name": "音乐",
      "font_class": "yinle",
      "unicode": "e600",
      "unicode_decimal": 58880
    },
    {
      "icon_id": "1254",
      "name": "喜爱",
      "font_class": "xiai",
      "unicode": "e601",
      "unicode_decimal": 58881
    },
    {
      "icon_id": "1305",
      "name": "购物车满",
      "font_class": "gouwucheman",
      "unicode": "e602",
      "unicode_decimal": 58882
    },
    {
      "icon_id": "1306",
      "name": "购物车空",
      "font_class": "gouwuchekong",
      "unicode": "e603",
      "unicode_decimal": 58883
    },
    {
      "icon_id": "145458",
      "name": "音乐",
      "font_class": "yinle1",
      "unicode": "e642",
      "unicode_decimal": 58946
    },
    {
      "icon_id": "2674474",
      "name": "播放",
      "font_class": "bofang",
      "unicode": "e624",
      "unicode_decimal": 58916
    },
    {
      "icon_id": "2815740",
      "name": "暂停",
      "font_class": "zanting",
      "unicode": "e604",
      "unicode_decimal": 58884
    },
    {
      "icon_id": "5387478",
      "name": "停止",
      "font_class": "tingzhi",
      "unicode": "eae1",
      "unicode_decimal": 60129
    },
    {
      "icon_id": "5387521",
      "name": "菜单",
      "font_class": "caidan",
      "unicode": "eaf1",
      "unicode_decimal": 60145
    }
  ]
}
